,domain,sef,kappa,rho,delta,improvement_percent,applicability_score,max_score,cohens_d,normality_a,normality_b,sample_size_a,sample_size_b,expected_range,within_expected
Sports,Sports,1.1513551729402822,2.8580598930663514,0.15,3.9199716105485773,15.135517294028222,5,5,2.822366683588456,0.6551676754214818,0.5555112816550359,100,100,"(1.09, 1.31)",True
Education,Education,1.2995040590392644,2.2648882659236906,0.25,2.3637943943860065,29.950405903926438,5,5,1.8500801125701154,0.7719823007802877,0.4688987833511622,80,80,"(1.32, 1.85)",False
Finance,Finance,1.3470364441121683,3.101463433930575,0.3,0.4121915557988397,34.70364441121683,5,5,0.28783570547948634,0.8469336324689054,0.4467217887533908,120,120,"(1.35, 1.65)",False
Healthcare,Healthcare,1.1725830342049615,5.193479634866121,0.2,3.468711134671276,17.258303420496148,4,5,1.9711323033014632,0.8232216300795785,0.6958400347642386,60,60,"(1.25, 1.55)",False
